{
  "chargers": [
    {
      "id": 1,
      "name": "Oulun Baari / Neste Oulu Maikkula",
      "location": "Haaransuontie 1, 90240 Oulu",
      "speed": "Fast",
      "connectorType": "CCS",
      "price": 0.18,
      "kW": 50,
      "digit": 1312,
      "status": true,
      "lat": 64.9782,
      "lng": 25.561
    },
    {
      "id": 2,
      "name": "Oulun Energia toimitalo",
      "location": "Kasarmintie 6, 90130 Oulu",
      "speed": "Fast",
      "connectorType": "CSS",
      "price": 0.18,
      "kW": 50,
      "digit": 4574,
      "status": true,
      "lat": 65.0125,
      "lng": 25.4806
    },
    {
      "id": 3,
      "name": "Lapland Hotels Oulu",
      "location": "Kirkkokatu 3b, 90100 Oulu",
      "speed": "Slow",
      "connectorType": "Type2",
      "price": 0.2,
      "kW": 22,
      "digit": 1244,
      "status": false,
      "lat": 65.0155,
      "lng": 25.4767
    },
    {
      "id": 4,
      "name": "Sokos Hotel Arina",
      "location": "Pakkahuoneenkatu 16, 90100 Oulu",
      "speed": "Slow",
      "connectorType": "Type2",
      "price": 0.2,
      "kW": 22,
      "digit": 9363,
      "status": true,
      "lat": 65.0123,
      "lng": 25.4724
    },
    {
      "id": 5,
      "name": "P-Autotori / Scandic Oulu City",
      "location": "Albertinkatu 3, 90100 Oulu",
      "speed": "Slow",
      "connectorType": "Type2",
      "price": 0.2,
      "kW": 22,
      "digit": 6035,
      "status": false,
      "lat": 65.0112,
      "lng": 25.4649
    },
    {
      "id": 6,
      "name": "Raahen Seudun Osuuspankki",
      "location": "Kirkkokatu 34, 92100 Raahe",
      "speed": "Fast",
      "connectorType": "CSS",
      "price": 0.18,
      "kW": 100,
      "digit": 6326,
      "status": true,
      "lat": 64.6841,
      "lng": 24.4791
    },
    {
      "id": 7,
      "name": "Hesburger Siikalatva Pulkkila",
      "location": "Jokivarrentie 2, 92610 Vorna",
      "speed": "Fast",
      "connectorType": "CCS",
      "price": 0.18,
      "kW": 50,
      "digit": 7435,
      "status": false,
      "lat": 64.253,
      "lng": 25.7737
    },
    {
      "id": 8,
      "name": "Sonkajärven Osuuspankki",
      "location": "Rutakontie 36, 74300 Sonkajärvi",
      "speed": "Slow",
      "connectorType": "Type2",
      "price": 0.2,
      "kW": 22,
      "digit": 3612,
      "status": true,
      "lat": 63.6714,
      "lng": 27.5209
    },
    {
      "id": 9,
      "name": "Rautalammin Kunnantalo",
      "location": "Kuopiontie 11, 77700 Rautalampi",
      "speed": "Fast",
      "connectorType": "CCS",
      "price": 0.18,
      "kW": 50,
      "digit": 6124,
      "status": false,
      "lat": 62.6213,
      "lng": 26.8356
    },
    {
      "id": 10,
      "name": "K-Market Tuohitorvi",
      "location": "Yritystie 1, 82730 Tuupovaara",
      "speed": "Slow",
      "connectorType": "Type2",
      "price": 0.2,
      "kW": 22,
      "digit": 4257,
      "status": true,
      "lat": 62.4859,
      "lng": 30.6185
    },
    {
      "id": 11,
      "name": "Puumalan kunta - Ylätori",
      "location": "Keskustie 15, 52200 Puumala",
      "speed": "Fast",
      "connectorType": "CCS",
      "price": 0.18,
      "kW": 50,
      "digit": 9235,
      "status": true,
      "lat": 61.5229,
      "lng": 28.1776
    },
    {
      "id": 12,
      "name": "ABC Kuortti",
      "location": "Mäyrätie 1, 19410 Kuortti",
      "speed": "Fast",
      "connectorType": "CCS",
      "price": 0.18,
      "kW": 50,
      "digit": 2512,
      "status": false,
      "lat": 61.4208,
      "lng": 26.4351
    },
    {
      "id": 13,
      "name": "Humppilan Lasitehdas",
      "location": "Lasitehtaantie 5, 31640 Humppila",
      "speed": "Slow",
      "connectorType": "Type2",
      "price": 0.2,
      "kW": 22,
      "digit": 8252,
      "status": false,
      "lat": 60.9423,
      "lng": 23.3636
    },
    {
      "id": 14,
      "name": "Tuomaksen tupa - Leipomo Verainen",
      "location": "Valtakatu 2, 23100 Mynämäki",
      "speed": "Slow",
      "connectorType": "Type2",
      "price": 0.2,
      "kW": 22,
      "digit": 6412,
      "status": true,
      "lat": 60.6842,
      "lng": 21.9877
    },
    {
      "id": 15,
      "name": "Kivikylän kotipalvaamo",
      "location": "Savulaaksontie 121, 27230 Lappi",
      "speed": "Slow",
      "connectorType": "Type2",
      "price": 0,
      "kW": 22,
      "digit": 4512,
      "status": false,
      "lat": 61.1124,
      "lng": 21.7842
    },
    {
      "id": 16,
      "name": "Hartman Rauta",
      "location": "Liisanlehdontie 1, 65380 Vaasa",
      "speed": "Fast",
      "connectorType": "CSS",
      "price": 0.18,
      "kW": 50,
      "digit": 7253,
      "status": true,
      "lat": 63.0745,
      "lng": 21.7087
    },
    {
      "id": 17,
      "name": "Rukan parkkihalli",
      "location": "Rukankyläntie 6, 93830 Rukatunturi",
      "speed": "Slow",
      "connectorType": "Type2",
      "price": 0,
      "kW": 22,
      "digit": 8243,
      "status": true,
      "lat": 66.1665,
      "lng": 29.1359
    },
    {
      "id": 18,
      "name": "Lapland Hotels Riekonlinna",
      "location": "Saariseläntie 13, 99830 Saariselkä",
      "speed": "Slow",
      "connectorType": "Type2",
      "price": 0,
      "kW": 22,
      "digit": 1245,
      "status": true,
      "lat": 68.4216,
      "lng": 27.4257
    },
    {
      "id": 19,
      "name": "Karigasniemi",
      "location": "Ylätenontie 28, 99950 Utsjoki",
      "speed": "Slow",
      "connectorType": "Type2",
      "price": 0,
      "kW": 22,
      "digit": 5345,
      "status": false,
      "lat": 69.5821,
      "lng": 25.9558
    },
    {
      "id": 20,
      "name": "Hotelli Mestarin Kievari",
      "location": "Kirkkokatu 9, 98100 Kemijärvi",
      "speed": "Slow",
      "connectorType": "Type2",
      "price": 0.2,
      "kW": 22,
      "digit": 6342,
      "status": false,
      "lat": 66.716,
      "lng": 27.4316
    },
    {
      "id": 21,
      "name": "Iin Sillat",
      "location": "Haminantie 32, 91100 Ii",
      "speed": "Slow",
      "connectorType": "Type2",
      "price": 0.2,
      "kW": 22,
      "digit": 7342,
      "status": true,
      "lat": 65.326699,
      "lng": 25.375006
    },
    {
      "id": 22,
      "name": "McDonalds Kempele",
      "location": "Myllytie 1, 90450 Kempele",
      "speed": "Fast",
      "connectorType": "CCS",
      "price": 0.18,
      "kW": 50,
      "digit": 8342,
      "status": true,
      "lat": 64.90386049332974,
      "lng": 25.542823900866097
    },
    {
      "id": 23,
      "name": "OSAO Haukipudas F138h",
      "location": "Asemakyläntie 5, 90840 Haukipudas Asemanseutu",
      "speed": "Slow",
      "connectorType": "Type2",
      "price": 0,
      "kW": 22,
      "digit": 7562,
      "status": false,
      "lat": 65.19391,
      "lng": 25.41201
    },
    {
      "id": 24,
      "name": "Nelosparkki",
      "location": "Kirkonkyläntie 7a, 95110 Kuivaniemi kk",
      "speed": "Slow",
      "connectorType": "Type2",
      "price": 0.2,
      "kW": 22,
      "digit": 1404,
      "serialNo": 2156,
      "status": true,
      "lat": 65.19391,
      "lng": 25.41201
    },
    {
      "id": 25,
      "name": "Hesburger Liminka",
      "location": "Yritystie 1, 91900 Liminka",
      "speed": "Fast",
      "connectorType": "CSS",
      "price": 0.18,
      "kW": 50,
      "digit": 3009,
      "serialNo": 8902,
      "status": true,
      "lat": 65.19391,
      "lng": 25.41201
    }
  ]
}
